"","age_class","Total","var","date"
"1","0-17","0","death_cumul_conf","2020-03-09"
"2","18-44","0","death_cumul_conf","2020-03-09"
"3","45-64","0","death_cumul_conf","2020-03-09"
"4","65-74","0","death_cumul_conf","2020-03-09"
"5","75+","0","death_cumul_conf","2020-03-09"
"6","0-17","0","death_cumul_conf","2020-03-10"
"7","18-44","0","death_cumul_conf","2020-03-10"
"8","45-64","0","death_cumul_conf","2020-03-10"
"9","65-74","0","death_cumul_conf","2020-03-10"
"10","75+","0","death_cumul_conf","2020-03-10"
"11","0-17","0","death_cumul_conf","2020-03-11"
"12","18-44","0","death_cumul_conf","2020-03-11"
"13","45-64","0","death_cumul_conf","2020-03-11"
"14","65-74","0","death_cumul_conf","2020-03-11"
"15","75+","0","death_cumul_conf","2020-03-11"
"16","0-17","0","death_cumul_conf","2020-03-12"
"17","18-44","0","death_cumul_conf","2020-03-12"
"18","45-64","0","death_cumul_conf","2020-03-12"
"19","65-74","0","death_cumul_conf","2020-03-12"
"20","75+","0","death_cumul_conf","2020-03-12"
"21","0-17","0","death_cumul_conf","2020-03-13"
"22","18-44","0","death_cumul_conf","2020-03-13"
"23","45-64","0","death_cumul_conf","2020-03-13"
"24","65-74","0","death_cumul_conf","2020-03-13"
"25","75+","0","death_cumul_conf","2020-03-13"
"26","0-17","0","death_cumul_conf","2020-03-14"
"27","18-44","0","death_cumul_conf","2020-03-14"
"28","45-64","0","death_cumul_conf","2020-03-14"
"29","65-74","0","death_cumul_conf","2020-03-14"
"30","75+","0","death_cumul_conf","2020-03-14"
"31","0-17","0","death_cumul_conf","2020-03-15"
"32","18-44","0","death_cumul_conf","2020-03-15"
"33","45-64","0","death_cumul_conf","2020-03-15"
"34","65-74","0","death_cumul_conf","2020-03-15"
"35","75+","1","death_cumul_conf","2020-03-15"
"36","0-17","0","death_cumul_conf","2020-03-16"
"37","18-44","0","death_cumul_conf","2020-03-16"
"38","45-64","1","death_cumul_conf","2020-03-16"
"39","65-74","1","death_cumul_conf","2020-03-16"
"40","75+","2","death_cumul_conf","2020-03-16"
"41","0-17","0","death_cumul_conf","2020-03-17"
"42","18-44","0","death_cumul_conf","2020-03-17"
"43","45-64","2","death_cumul_conf","2020-03-17"
"44","65-74","2","death_cumul_conf","2020-03-17"
"45","75+","3","death_cumul_conf","2020-03-17"
"46","0-17","0","death_cumul_conf","2020-03-18"
"47","18-44","0","death_cumul_conf","2020-03-18"
"48","45-64","4","death_cumul_conf","2020-03-18"
"49","65-74","4","death_cumul_conf","2020-03-18"
"50","75+","6","death_cumul_conf","2020-03-18"
"51","0-17","0","death_cumul_conf","2020-03-19"
"52","18-44","0","death_cumul_conf","2020-03-19"
"53","45-64","6","death_cumul_conf","2020-03-19"
"54","65-74","6","death_cumul_conf","2020-03-19"
"55","75+","10","death_cumul_conf","2020-03-19"
"56","0-17","0","death_cumul_conf","2020-03-20"
"57","18-44","1","death_cumul_conf","2020-03-20"
"58","45-64","10","death_cumul_conf","2020-03-20"
"59","65-74","10","death_cumul_conf","2020-03-20"
"60","75+","18","death_cumul_conf","2020-03-20"
"61","0-17","0","death_cumul_conf","2020-03-21"
"62","18-44","2","death_cumul_conf","2020-03-21"
"63","45-64","13","death_cumul_conf","2020-03-21"
"64","65-74","14","death_cumul_conf","2020-03-21"
"65","75+","25","death_cumul_conf","2020-03-21"
"66","0-17","0","death_cumul_conf","2020-03-22"
"67","18-44","3","death_cumul_conf","2020-03-22"
"68","45-64","17","death_cumul_conf","2020-03-22"
"69","65-74","18","death_cumul_conf","2020-03-22"
"70","75+","33","death_cumul_conf","2020-03-22"
"71","0-17","0","death_cumul_conf","2020-03-23"
"72","18-44","1","death_cumul_conf","2020-03-23"
"73","45-64","23","death_cumul_conf","2020-03-23"
"74","65-74","20","death_cumul_conf","2020-03-23"
"75","75+","55","death_cumul_conf","2020-03-23"
"76","0-17","0","death_cumul_conf","2020-03-24"
"77","18-44","3","death_cumul_conf","2020-03-24"
"78","45-64","31","death_cumul_conf","2020-03-24"
"79","65-74","23","death_cumul_conf","2020-03-24"
"80","75+","68","death_cumul_conf","2020-03-24"
"81","0-17","0","death_cumul_conf","2020-03-25"
"82","18-44","5","death_cumul_conf","2020-03-25"
"83","45-64","43","death_cumul_conf","2020-03-25"
"84","65-74","44","death_cumul_conf","2020-03-25"
"85","75+","100","death_cumul_conf","2020-03-25"
"86","0-17","0","death_cumul_conf","2020-03-26"
"87","18-44","15","death_cumul_conf","2020-03-26"
"88","45-64","57","death_cumul_conf","2020-03-26"
"89","65-74","70","death_cumul_conf","2020-03-26"
"90","75+","138","death_cumul_conf","2020-03-26"
"91","0-17","0","death_cumul_conf","2020-03-27"
"92","18-44","16","death_cumul_conf","2020-03-27"
"93","45-64","77","death_cumul_conf","2020-03-27"
"94","65-74","91","death_cumul_conf","2020-03-27"
"95","75+","181","death_cumul_conf","2020-03-27"
"96","0-17","0","death_cumul_conf","2020-03-28"
"97","18-44","20","death_cumul_conf","2020-03-28"
"98","45-64","104","death_cumul_conf","2020-03-28"
"99","65-74","110","death_cumul_conf","2020-03-28"
"100","75+","216","death_cumul_conf","2020-03-28"
"101","0-17","0","death_cumul_conf","2020-03-29"
"102","18-44","32","death_cumul_conf","2020-03-29"
"103","45-64","161","death_cumul_conf","2020-03-29"
"104","65-74","158","death_cumul_conf","2020-03-29"
"105","75+","321","death_cumul_conf","2020-03-29"
"106","0-17","1","death_cumul_conf","2020-03-30"
"107","18-44","39","death_cumul_conf","2020-03-30"
"108","45-64","185","death_cumul_conf","2020-03-30"
"109","65-74","183","death_cumul_conf","2020-03-30"
"110","75+","368","death_cumul_conf","2020-03-30"
"111","0-17","1","death_cumul_conf","2020-03-31"
"112","18-44","54","death_cumul_conf","2020-03-31"
"113","45-64","216","death_cumul_conf","2020-03-31"
"114","65-74","215","death_cumul_conf","2020-03-31"
"115","75+","428","death_cumul_conf","2020-03-31"
"116","0-17","1","death_cumul_conf","2020-04-01"
"117","18-44","67","death_cumul_conf","2020-04-01"
"118","45-64","259","death_cumul_conf","2020-04-01"
"119","65-74","255","death_cumul_conf","2020-04-01"
"120","75+","514","death_cumul_conf","2020-04-01"
"121","0-17","1","death_cumul_conf","2020-04-02"
"122","18-44","78","death_cumul_conf","2020-04-02"
"123","45-64","333","death_cumul_conf","2020-04-02"
"124","65-74","334","death_cumul_conf","2020-04-02"
"125","75+","628","death_cumul_conf","2020-04-02"
"126","0-17","1","death_cumul_conf","2020-04-03"
"127","18-44","90","death_cumul_conf","2020-04-03"
"128","45-64","382","death_cumul_conf","2020-04-03"
"129","65-74","376","death_cumul_conf","2020-04-03"
"130","75+","713","death_cumul_conf","2020-04-03"
"131","0-17","1","death_cumul_conf","2020-04-04"
"132","18-44","110","death_cumul_conf","2020-04-04"
"133","45-64","442","death_cumul_conf","2020-04-04"
"134","65-74","461","death_cumul_conf","2020-04-04"
"135","75+","853","death_cumul_conf","2020-04-04"
"136","0-17","2","death_cumul_conf","2020-04-05"
"137","18-44","132","death_cumul_conf","2020-04-05"
"138","45-64","535","death_cumul_conf","2020-04-05"
"139","65-74","557","death_cumul_conf","2020-04-05"
"140","75+","1028","death_cumul_conf","2020-04-05"
"141","0-17","2","death_cumul_conf","2020-04-06"
"142","18-44","140","death_cumul_conf","2020-04-06"
"143","45-64","587","death_cumul_conf","2020-04-06"
"144","65-74","612","death_cumul_conf","2020-04-06"
"145","75+","1131","death_cumul_conf","2020-04-06"
"146","0-17","2","death_cumul_conf","2020-04-07"
"147","18-44","148","death_cumul_conf","2020-04-07"
"148","45-64","652","death_cumul_conf","2020-04-07"
"149","65-74","686","death_cumul_conf","2020-04-07"
"150","75+","1250","death_cumul_conf","2020-04-07"
"151","0-17","2","death_cumul_conf","2020-04-08"
"152","18-44","201","death_cumul_conf","2020-04-08"
"153","45-64","853","death_cumul_conf","2020-04-08"
"154","65-74","879","death_cumul_conf","2020-04-08"
"155","75+","1609","death_cumul_conf","2020-04-08"
"156","0-17","3","death_cumul_conf","2020-04-09"
"157","18-44","219","death_cumul_conf","2020-04-09"
"158","45-64","1020","death_cumul_conf","2020-04-09"
"159","65-74","1064","death_cumul_conf","2020-04-09"
"160","75+","1952","death_cumul_conf","2020-04-09"
"161","0-17","3","death_cumul_conf","2020-04-10"
"162","18-44","241","death_cumul_conf","2020-04-10"
"163","45-64","1143","death_cumul_conf","2020-04-10"
"164","65-74","1187","death_cumul_conf","2020-04-10"
"165","75+","2204","death_cumul_conf","2020-04-10"
"166","0-17","3","death_cumul_conf","2020-04-11"
"167","18-44","265","death_cumul_conf","2020-04-11"
"168","45-64","1283","death_cumul_conf","2020-04-11"
"169","65-74","1335","death_cumul_conf","2020-04-11"
"170","75+","2543","death_cumul_conf","2020-04-11"
"171","0-17","3","death_cumul_conf","2020-04-12"
"172","18-44","270","death_cumul_conf","2020-04-12"
"173","45-64","1357","death_cumul_conf","2020-04-12"
"174","65-74","1415","death_cumul_conf","2020-04-12"
"175","75+","2697","death_cumul_conf","2020-04-12"
"176","0-17","3","death_cumul_conf","2020-04-13"
"177","18-44","284","death_cumul_conf","2020-04-13"
"178","45-64","1449","death_cumul_conf","2020-04-13"
"179","65-74","1511","death_cumul_conf","2020-04-13"
"180","75+","2935","death_cumul_conf","2020-04-13"
"181","0-17","3","death_cumul_conf","2020-04-14"
"182","18-44","301","death_cumul_conf","2020-04-14"
"183","45-64","1529","death_cumul_conf","2020-04-14"
"184","65-74","1611","death_cumul_conf","2020-04-14"
"185","75+","3145","death_cumul_conf","2020-04-14"
"186","0-17","3","death_cumul_conf","2020-04-15"
"187","18-44","309","death_cumul_conf","2020-04-15"
"188","45-64","1581","death_cumul_conf","2020-04-15"
"189","65-74","1683","death_cumul_conf","2020-04-15"
"190","75+","3263","death_cumul_conf","2020-04-15"
"191","0-17","3","death_cumul_conf","2020-04-16"
"192","18-44","344","death_cumul_conf","2020-04-16"
"193","45-64","1722","death_cumul_conf","2020-04-16"
"194","65-74","1870","death_cumul_conf","2020-04-16"
"195","75+","3623","death_cumul_conf","2020-04-16"
"196","0-17","3","death_cumul_conf","2020-04-17"
"197","18-44","353","death_cumul_conf","2020-04-17"
"198","45-64","1788","death_cumul_conf","2020-04-17"
"199","65-74","1962","death_cumul_conf","2020-04-17"
"200","75+","3783","death_cumul_conf","2020-04-17"
"201","0-17","3","death_cumul_conf","2020-04-18"
"202","18-44","373","death_cumul_conf","2020-04-18"
"203","45-64","1915","death_cumul_conf","2020-04-18"
"204","65-74","2086","death_cumul_conf","2020-04-18"
"205","75+","4070","death_cumul_conf","2020-04-18"
"206","0-17","3","death_cumul_conf","2020-04-19"
"207","18-44","380","death_cumul_conf","2020-04-19"
"208","45-64","1988","death_cumul_conf","2020-04-19"
"209","65-74","2179","death_cumul_conf","2020-04-19"
"210","75+","4260","death_cumul_conf","2020-04-19"
"211","0-17","3","death_cumul_conf","2020-04-20"
"212","18-44","395","death_cumul_conf","2020-04-20"
"213","45-64","2048","death_cumul_conf","2020-04-20"
"214","65-74","2253","death_cumul_conf","2020-04-20"
"215","75+","4401","death_cumul_conf","2020-04-20"
"216","0-17","3","death_cumul_conf","2020-04-21"
"217","18-44","414","death_cumul_conf","2020-04-21"
"218","45-64","2153","death_cumul_conf","2020-04-21"
"219","65-74","2378","death_cumul_conf","2020-04-21"
"220","75+","4611","death_cumul_conf","2020-04-21"
"221","0-17","3","death_cumul_conf","2020-04-22"
"222","18-44","426","death_cumul_conf","2020-04-22"
"223","45-64","2243","death_cumul_conf","2020-04-22"
"224","65-74","2469","death_cumul_conf","2020-04-22"
"225","75+","4801","death_cumul_conf","2020-04-22"
"226","0-17","4","death_cumul_conf","2020-04-23"
"227","18-44","434","death_cumul_conf","2020-04-23"
"228","45-64","2331","death_cumul_conf","2020-04-23"
"229","65-74","2546","death_cumul_conf","2020-04-23"
"230","75+","4973","death_cumul_conf","2020-04-23"
"231","0-17","5","death_cumul_conf","2020-04-24"
"232","18-44","453","death_cumul_conf","2020-04-24"
"233","45-64","2418","death_cumul_conf","2020-04-24"
"234","65-74","2672","death_cumul_conf","2020-04-24"
"235","75+","5196","death_cumul_conf","2020-04-24"
"236","0-17","5","death_cumul_conf","2020-04-25"
"237","18-44","458","death_cumul_conf","2020-04-25"
"238","45-64","2458","death_cumul_conf","2020-04-25"
"239","65-74","2727","death_cumul_conf","2020-04-25"
"240","75+","5310","death_cumul_conf","2020-04-25"
"241","0-17","5","death_cumul_conf","2020-04-26"
"242","18-44","472","death_cumul_conf","2020-04-26"
"243","45-64","2563","death_cumul_conf","2020-04-26"
"244","65-74","2843","death_cumul_conf","2020-04-26"
"245","75+","5575","death_cumul_conf","2020-04-26"
"246","0-17","5","death_cumul_conf","2020-04-27"
"247","18-44","479","death_cumul_conf","2020-04-27"
"248","45-64","2620","death_cumul_conf","2020-04-27"
"249","65-74","2884","death_cumul_conf","2020-04-27"
"250","75+","5718","death_cumul_conf","2020-04-27"
"251","0-17","5","death_cumul_conf","2020-04-28"
"252","18-44","482","death_cumul_conf","2020-04-28"
"253","45-64","2649","death_cumul_conf","2020-04-28"
"254","65-74","2910","death_cumul_conf","2020-04-28"
"255","75+","5772","death_cumul_conf","2020-04-28"
"256","0-17","6","death_cumul_conf","2020-04-29"
"257","18-44","497","death_cumul_conf","2020-04-29"
"258","45-64","2742","death_cumul_conf","2020-04-29"
"259","65-74","3027","death_cumul_conf","2020-04-29"
"260","75+","6013","death_cumul_conf","2020-04-29"
"261","0-17","6","death_cumul_conf","2020-04-30"
"262","18-44","507","death_cumul_conf","2020-04-30"
"263","45-64","2803","death_cumul_conf","2020-04-30"
"264","65-74","3101","death_cumul_conf","2020-04-30"
"265","75+","6152","death_cumul_conf","2020-04-30"
"266","0-17","6","death_cumul_conf","2020-05-01"
"267","18-44","531","death_cumul_conf","2020-05-01"
"268","45-64","2908","death_cumul_conf","2020-05-01"
"269","65-74","3217","death_cumul_conf","2020-05-01"
"270","75+","6336","death_cumul_conf","2020-05-01"
"271","0-17","6","death_cumul_conf","2020-05-02"
"272","18-44","534","death_cumul_conf","2020-05-02"
"273","45-64","2937","death_cumul_conf","2020-05-02"
"274","65-74","3260","death_cumul_conf","2020-05-02"
"275","75+","6417","death_cumul_conf","2020-05-02"
"276","0-17","6","death_cumul_conf","2020-05-03"
"277","18-44","538","death_cumul_conf","2020-05-03"
"278","45-64","2973","death_cumul_conf","2020-05-03"
"279","65-74","3296","death_cumul_conf","2020-05-03"
"280","75+","6505","death_cumul_conf","2020-05-03"
"281","0-17","6","death_cumul_conf","2020-05-04"
"282","18-44","545","death_cumul_conf","2020-05-04"
"283","45-64","3028","death_cumul_conf","2020-05-04"
"284","65-74","3363","death_cumul_conf","2020-05-04"
"285","75+","6593","death_cumul_conf","2020-05-04"
"286","0-17","6","death_cumul_conf","2020-05-05"
"287","18-44","549","death_cumul_conf","2020-05-05"
"288","45-64","3078","death_cumul_conf","2020-05-05"
"289","65-74","3403","death_cumul_conf","2020-05-05"
"290","75+","6687","death_cumul_conf","2020-05-05"
"291","0-17","6","death_cumul_conf","2020-05-06"
"292","18-44","557","death_cumul_conf","2020-05-06"
"293","45-64","3119","death_cumul_conf","2020-05-06"
"294","65-74","3458","death_cumul_conf","2020-05-06"
"295","75+","6797","death_cumul_conf","2020-05-06"
"296","0-17","6","death_cumul_conf","2020-05-07"
"297","18-44","566","death_cumul_conf","2020-05-07"
"298","45-64","3170","death_cumul_conf","2020-05-07"
"299","65-74","3511","death_cumul_conf","2020-05-07"
"300","75+","6907","death_cumul_conf","2020-05-07"
"301","0-17","6","death_cumul_conf","2020-05-08"
"302","18-44","575","death_cumul_conf","2020-05-08"
"303","45-64","3219","death_cumul_conf","2020-05-08"
"304","65-74","3581","death_cumul_conf","2020-05-08"
"305","75+","7006","death_cumul_conf","2020-05-08"
"306","0-17","7","death_cumul_conf","2020-05-09"
"307","18-44","577","death_cumul_conf","2020-05-09"
"308","45-64","3242","death_cumul_conf","2020-05-09"
"309","65-74","3603","death_cumul_conf","2020-05-09"
"310","75+","7051","death_cumul_conf","2020-05-09"
"311","0-17","8","death_cumul_conf","2020-05-10"
"312","18-44","583","death_cumul_conf","2020-05-10"
"313","45-64","3316","death_cumul_conf","2020-05-10"
"314","65-74","3664","death_cumul_conf","2020-05-10"
"315","75+","7180","death_cumul_conf","2020-05-10"
"316","0-17","10","death_cumul_conf","2020-05-11"
"317","18-44","587","death_cumul_conf","2020-05-11"
"318","45-64","3348","death_cumul_conf","2020-05-11"
"319","65-74","3708","death_cumul_conf","2020-05-11"
"320","75+","7273","death_cumul_conf","2020-05-11"
"321","0-17","10","death_cumul_conf","2020-05-12"
"322","18-44","596","death_cumul_conf","2020-05-12"
"323","45-64","3383","death_cumul_conf","2020-05-12"
"324","65-74","3753","death_cumul_conf","2020-05-12"
"325","75+","7356","death_cumul_conf","2020-05-12"
"326","0-17","9","death_cumul_conf","2020-05-13"
"327","18-44","601","death_cumul_conf","2020-05-13"
"328","45-64","3413","death_cumul_conf","2020-05-13"
"329","65-74","3788","death_cumul_conf","2020-05-13"
"330","75+","7419","death_cumul_conf","2020-05-13"
"331","0-17","8","death_cumul_conf","2020-05-14"
"332","18-44","609","death_cumul_conf","2020-05-14"
"333","45-64","3438","death_cumul_conf","2020-05-14"
"334","65-74","3816","death_cumul_conf","2020-05-14"
"335","75+","7475","death_cumul_conf","2020-05-14"
"336","0-17","8","death_cumul_conf","2020-05-15"
"337","18-44","610","death_cumul_conf","2020-05-15"
"338","45-64","3449","death_cumul_conf","2020-05-15"
"339","65-74","3841","death_cumul_conf","2020-05-15"
"340","75+","7511","death_cumul_conf","2020-05-15"
"341","0-17","8","death_cumul_conf","2020-05-16"
"342","18-44","620","death_cumul_conf","2020-05-16"
"343","45-64","3526","death_cumul_conf","2020-05-16"
"344","65-74","3921","death_cumul_conf","2020-05-16"
"345","75+","7678","death_cumul_conf","2020-05-16"
"346","0-17","10","death_cumul_conf","2020-05-17"
"347","18-44","625","death_cumul_conf","2020-05-17"
"348","45-64","3556","death_cumul_conf","2020-05-17"
"349","65-74","3963","death_cumul_conf","2020-05-17"
"350","75+","7731","death_cumul_conf","2020-05-17"
"351","0-17","0","death_cumul_comb","2020-03-09"
"352","18-44","0","death_cumul_comb","2020-03-09"
"353","45-64","0","death_cumul_comb","2020-03-09"
"354","65-74","0","death_cumul_comb","2020-03-09"
"355","75+","0","death_cumul_comb","2020-03-09"
"356","0-17","0","death_cumul_comb","2020-03-10"
"357","18-44","0","death_cumul_comb","2020-03-10"
"358","45-64","0","death_cumul_comb","2020-03-10"
"359","65-74","0","death_cumul_comb","2020-03-10"
"360","75+","0","death_cumul_comb","2020-03-10"
"361","0-17","0","death_cumul_comb","2020-03-11"
"362","18-44","0","death_cumul_comb","2020-03-11"
"363","45-64","0","death_cumul_comb","2020-03-11"
"364","65-74","0","death_cumul_comb","2020-03-11"
"365","75+","0","death_cumul_comb","2020-03-11"
"366","0-17","0","death_cumul_comb","2020-03-12"
"367","18-44","0","death_cumul_comb","2020-03-12"
"368","45-64","0","death_cumul_comb","2020-03-12"
"369","65-74","0","death_cumul_comb","2020-03-12"
"370","75+","0","death_cumul_comb","2020-03-12"
"371","0-17","0","death_cumul_comb","2020-03-13"
"372","18-44","0","death_cumul_comb","2020-03-13"
"373","45-64","0","death_cumul_comb","2020-03-13"
"374","65-74","0","death_cumul_comb","2020-03-13"
"375","75+","0","death_cumul_comb","2020-03-13"
"376","0-17","0","death_cumul_comb","2020-03-14"
"377","18-44","0","death_cumul_comb","2020-03-14"
"378","45-64","0","death_cumul_comb","2020-03-14"
"379","65-74","0","death_cumul_comb","2020-03-14"
"380","75+","0","death_cumul_comb","2020-03-14"
"381","0-17","0","death_cumul_comb","2020-03-15"
"382","18-44","0","death_cumul_comb","2020-03-15"
"383","45-64","0","death_cumul_comb","2020-03-15"
"384","65-74","0","death_cumul_comb","2020-03-15"
"385","75+","1","death_cumul_comb","2020-03-15"
"386","0-17","0","death_cumul_comb","2020-03-16"
"387","18-44","0","death_cumul_comb","2020-03-16"
"388","45-64","1","death_cumul_comb","2020-03-16"
"389","65-74","1","death_cumul_comb","2020-03-16"
"390","75+","2","death_cumul_comb","2020-03-16"
"391","0-17","0","death_cumul_comb","2020-03-17"
"392","18-44","0","death_cumul_comb","2020-03-17"
"393","45-64","2","death_cumul_comb","2020-03-17"
"394","65-74","2","death_cumul_comb","2020-03-17"
"395","75+","4","death_cumul_comb","2020-03-17"
"396","0-17","0","death_cumul_comb","2020-03-18"
"397","18-44","0","death_cumul_comb","2020-03-18"
"398","45-64","4","death_cumul_comb","2020-03-18"
"399","65-74","4","death_cumul_comb","2020-03-18"
"400","75+","8","death_cumul_comb","2020-03-18"
"401","0-17","0","death_cumul_comb","2020-03-19"
"402","18-44","0","death_cumul_comb","2020-03-19"
"403","45-64","6","death_cumul_comb","2020-03-19"
"404","65-74","6","death_cumul_comb","2020-03-19"
"405","75+","12","death_cumul_comb","2020-03-19"
"406","0-17","0","death_cumul_comb","2020-03-20"
"407","18-44","1","death_cumul_comb","2020-03-20"
"408","45-64","10","death_cumul_comb","2020-03-20"
"409","65-74","10","death_cumul_comb","2020-03-20"
"410","75+","19","death_cumul_comb","2020-03-20"
"411","0-17","0","death_cumul_comb","2020-03-21"
"412","18-44","2","death_cumul_comb","2020-03-21"
"413","45-64","14","death_cumul_comb","2020-03-21"
"414","65-74","14","death_cumul_comb","2020-03-21"
"415","75+","26","death_cumul_comb","2020-03-21"
"416","0-17","0","death_cumul_comb","2020-03-22"
"417","18-44","3","death_cumul_comb","2020-03-22"
"418","45-64","18","death_cumul_comb","2020-03-22"
"419","65-74","18","death_cumul_comb","2020-03-22"
"420","75+","34","death_cumul_comb","2020-03-22"
"421","0-17","0","death_cumul_comb","2020-03-23"
"422","18-44","1","death_cumul_comb","2020-03-23"
"423","45-64","23","death_cumul_comb","2020-03-23"
"424","65-74","20","death_cumul_comb","2020-03-23"
"425","75+","55","death_cumul_comb","2020-03-23"
"426","0-17","0","death_cumul_comb","2020-03-24"
"427","18-44","3","death_cumul_comb","2020-03-24"
"428","45-64","31","death_cumul_comb","2020-03-24"
"429","65-74","23","death_cumul_comb","2020-03-24"
"430","75+","68","death_cumul_comb","2020-03-24"
"431","0-17","0","death_cumul_comb","2020-03-25"
"432","18-44","5","death_cumul_comb","2020-03-25"
"433","45-64","43","death_cumul_comb","2020-03-25"
"434","65-74","44","death_cumul_comb","2020-03-25"
"435","75+","100","death_cumul_comb","2020-03-25"
"436","0-17","0","death_cumul_comb","2020-03-26"
"437","18-44","15","death_cumul_comb","2020-03-26"
"438","45-64","57","death_cumul_comb","2020-03-26"
"439","65-74","70","death_cumul_comb","2020-03-26"
"440","75+","138","death_cumul_comb","2020-03-26"
"441","0-17","0","death_cumul_comb","2020-03-27"
"442","18-44","16","death_cumul_comb","2020-03-27"
"443","45-64","77","death_cumul_comb","2020-03-27"
"444","65-74","91","death_cumul_comb","2020-03-27"
"445","75+","181","death_cumul_comb","2020-03-27"
"446","0-17","0","death_cumul_comb","2020-03-28"
"447","18-44","20","death_cumul_comb","2020-03-28"
"448","45-64","104","death_cumul_comb","2020-03-28"
"449","65-74","110","death_cumul_comb","2020-03-28"
"450","75+","216","death_cumul_comb","2020-03-28"
"451","0-17","0","death_cumul_comb","2020-03-29"
"452","18-44","32","death_cumul_comb","2020-03-29"
"453","45-64","161","death_cumul_comb","2020-03-29"
"454","65-74","158","death_cumul_comb","2020-03-29"
"455","75+","321","death_cumul_comb","2020-03-29"
"456","0-17","1","death_cumul_comb","2020-03-30"
"457","18-44","39","death_cumul_comb","2020-03-30"
"458","45-64","185","death_cumul_comb","2020-03-30"
"459","65-74","183","death_cumul_comb","2020-03-30"
"460","75+","368","death_cumul_comb","2020-03-30"
"461","0-17","1","death_cumul_comb","2020-03-31"
"462","18-44","54","death_cumul_comb","2020-03-31"
"463","45-64","216","death_cumul_comb","2020-03-31"
"464","65-74","215","death_cumul_comb","2020-03-31"
"465","75+","428","death_cumul_comb","2020-03-31"
"466","0-17","1","death_cumul_comb","2020-04-01"
"467","18-44","67","death_cumul_comb","2020-04-01"
"468","45-64","259","death_cumul_comb","2020-04-01"
"469","65-74","255","death_cumul_comb","2020-04-01"
"470","75+","514","death_cumul_comb","2020-04-01"
"471","0-17","1","death_cumul_comb","2020-04-02"
"472","18-44","78","death_cumul_comb","2020-04-02"
"473","45-64","333","death_cumul_comb","2020-04-02"
"474","65-74","334","death_cumul_comb","2020-04-02"
"475","75+","628","death_cumul_comb","2020-04-02"
"476","0-17","1","death_cumul_comb","2020-04-03"
"477","18-44","90","death_cumul_comb","2020-04-03"
"478","45-64","382","death_cumul_comb","2020-04-03"
"479","65-74","376","death_cumul_comb","2020-04-03"
"480","75+","713","death_cumul_comb","2020-04-03"
"481","0-17","1","death_cumul_comb","2020-04-04"
"482","18-44","110","death_cumul_comb","2020-04-04"
"483","45-64","442","death_cumul_comb","2020-04-04"
"484","65-74","461","death_cumul_comb","2020-04-04"
"485","75+","853","death_cumul_comb","2020-04-04"
"486","0-17","2","death_cumul_comb","2020-04-05"
"487","18-44","132","death_cumul_comb","2020-04-05"
"488","45-64","535","death_cumul_comb","2020-04-05"
"489","65-74","557","death_cumul_comb","2020-04-05"
"490","75+","1028","death_cumul_comb","2020-04-05"
"491","0-17","2","death_cumul_comb","2020-04-06"
"492","18-44","140","death_cumul_comb","2020-04-06"
"493","45-64","587","death_cumul_comb","2020-04-06"
"494","65-74","612","death_cumul_comb","2020-04-06"
"495","75+","1131","death_cumul_comb","2020-04-06"
"496","0-17","2","death_cumul_comb","2020-04-07"
"497","18-44","148","death_cumul_comb","2020-04-07"
"498","45-64","652","death_cumul_comb","2020-04-07"
"499","65-74","686","death_cumul_comb","2020-04-07"
"500","75+","1250","death_cumul_comb","2020-04-07"
"501","0-17","2","death_cumul_comb","2020-04-08"
"502","18-44","201","death_cumul_comb","2020-04-08"
"503","45-64","853","death_cumul_comb","2020-04-08"
"504","65-74","879","death_cumul_comb","2020-04-08"
"505","75+","1609","death_cumul_comb","2020-04-08"
"506","0-17","3","death_cumul_comb","2020-04-09"
"507","18-44","219","death_cumul_comb","2020-04-09"
"508","45-64","1020","death_cumul_comb","2020-04-09"
"509","65-74","1064","death_cumul_comb","2020-04-09"
"510","75+","1952","death_cumul_comb","2020-04-09"
"511","0-17","3","death_cumul_comb","2020-04-10"
"512","18-44","241","death_cumul_comb","2020-04-10"
"513","45-64","1143","death_cumul_comb","2020-04-10"
"514","65-74","1187","death_cumul_comb","2020-04-10"
"515","75+","2204","death_cumul_comb","2020-04-10"
"516","0-17","3","death_cumul_comb","2020-04-11"
"517","18-44","265","death_cumul_comb","2020-04-11"
"518","45-64","1283","death_cumul_comb","2020-04-11"
"519","65-74","1335","death_cumul_comb","2020-04-11"
"520","75+","2543","death_cumul_comb","2020-04-11"
"521","0-17","3","death_cumul_comb","2020-04-12"
"522","18-44","270","death_cumul_comb","2020-04-12"
"523","45-64","1357","death_cumul_comb","2020-04-12"
"524","65-74","1415","death_cumul_comb","2020-04-12"
"525","75+","2697","death_cumul_comb","2020-04-12"
"526","0-17","3","death_cumul_comb","2020-04-13"
"527","18-44","284","death_cumul_comb","2020-04-13"
"528","45-64","1449","death_cumul_comb","2020-04-13"
"529","65-74","1511","death_cumul_comb","2020-04-13"
"530","75+","2935","death_cumul_comb","2020-04-13"
"531","0-17","3","death_cumul_comb","2020-04-14"
"532","18-44","358","death_cumul_comb","2020-04-14"
"533","45-64","1982","death_cumul_comb","2020-04-14"
"534","65-74","2066","death_cumul_comb","2020-04-14"
"535","75+","4107","death_cumul_comb","2020-04-14"
"536","0-17","3","death_cumul_comb","2020-04-15"
"537","18-44","370","death_cumul_comb","2020-04-15"
"538","45-64","2066","death_cumul_comb","2020-04-15"
"539","65-74","2167","death_cumul_comb","2020-04-15"
"540","75+","4333","death_cumul_comb","2020-04-15"
"541","0-17","3","death_cumul_comb","2020-04-16"
"542","18-44","405","death_cumul_comb","2020-04-16"
"543","45-64","2178","death_cumul_comb","2020-04-16"
"544","65-74","2341","death_cumul_comb","2020-04-16"
"545","75+","4656","death_cumul_comb","2020-04-16"
"546","0-17","3","death_cumul_comb","2020-04-17"
"547","18-44","422","death_cumul_comb","2020-04-17"
"548","45-64","2286","death_cumul_comb","2020-04-17"
"549","65-74","2501","death_cumul_comb","2020-04-17"
"550","75+","4968","death_cumul_comb","2020-04-17"
"551","0-17","3","death_cumul_comb","2020-04-18"
"552","18-44","445","death_cumul_comb","2020-04-18"
"553","45-64","2437","death_cumul_comb","2020-04-18"
"554","65-74","2646","death_cumul_comb","2020-04-18"
"555","75+","5314","death_cumul_comb","2020-04-18"
"556","0-17","3","death_cumul_comb","2020-04-19"
"557","18-44","455","death_cumul_comb","2020-04-19"
"558","45-64","2554","death_cumul_comb","2020-04-19"
"559","65-74","2776","death_cumul_comb","2020-04-19"
"560","75+","5608","death_cumul_comb","2020-04-19"
"561","0-17","3","death_cumul_comb","2020-04-20"
"562","18-44","473","death_cumul_comb","2020-04-20"
"563","45-64","2633","death_cumul_comb","2020-04-20"
"564","65-74","2882","death_cumul_comb","2020-04-20"
"565","75+","5838","death_cumul_comb","2020-04-20"
"566","0-17","3","death_cumul_comb","2020-04-21"
"567","18-44","502","death_cumul_comb","2020-04-21"
"568","45-64","2783","death_cumul_comb","2020-04-21"
"569","65-74","3056","death_cumul_comb","2020-04-21"
"570","75+","6146","death_cumul_comb","2020-04-21"
"571","0-17","5","death_cumul_comb","2020-04-22"
"572","18-44","518","death_cumul_comb","2020-04-22"
"573","45-64","2906","death_cumul_comb","2020-04-22"
"574","65-74","3187","death_cumul_comb","2020-04-22"
"575","75+","6455","death_cumul_comb","2020-04-22"
"576","0-17","7","death_cumul_comb","2020-04-23"
"577","18-44","533","death_cumul_comb","2020-04-23"
"578","45-64","3003","death_cumul_comb","2020-04-23"
"579","65-74","3309","death_cumul_comb","2020-04-23"
"580","75+","6718","death_cumul_comb","2020-04-23"
"581","0-17","7","death_cumul_comb","2020-04-24"
"582","18-44","553","death_cumul_comb","2020-04-24"
"583","45-64","3129","death_cumul_comb","2020-04-24"
"584","65-74","3447","death_cumul_comb","2020-04-24"
"585","75+","7020","death_cumul_comb","2020-04-24"
"586","0-17","7","death_cumul_comb","2020-04-25"
"587","18-44","564","death_cumul_comb","2020-04-25"
"588","45-64","3222","death_cumul_comb","2020-04-25"
"589","65-74","3556","death_cumul_comb","2020-04-25"
"590","75+","7295","death_cumul_comb","2020-04-25"
"591","0-17","7","death_cumul_comb","2020-04-26"
"592","18-44","582","death_cumul_comb","2020-04-26"
"593","45-64","3334","death_cumul_comb","2020-04-26"
"594","65-74","3654","death_cumul_comb","2020-04-26"
"595","75+","7548","death_cumul_comb","2020-04-26"
"596","0-17","7","death_cumul_comb","2020-04-27"
"597","18-44","589","death_cumul_comb","2020-04-27"
"598","45-64","3393","death_cumul_comb","2020-04-27"
"599","65-74","3713","death_cumul_comb","2020-04-27"
"600","75+","7718","death_cumul_comb","2020-04-27"
"601","0-17","7","death_cumul_comb","2020-04-28"
"602","18-44","592","death_cumul_comb","2020-04-28"
"603","45-64","3448","death_cumul_comb","2020-04-28"
"604","65-74","3769","death_cumul_comb","2020-04-28"
"605","75+","7845","death_cumul_comb","2020-04-28"
"606","0-17","9","death_cumul_comb","2020-04-29"
"607","18-44","606","death_cumul_comb","2020-04-29"
"608","45-64","3532","death_cumul_comb","2020-04-29"
"609","65-74","3865","death_cumul_comb","2020-04-29"
"610","75+","8064","death_cumul_comb","2020-04-29"
"611","0-17","9","death_cumul_comb","2020-04-30"
"612","18-44","620","death_cumul_comb","2020-04-30"
"613","45-64","3601","death_cumul_comb","2020-04-30"
"614","65-74","3936","death_cumul_comb","2020-04-30"
"615","75+","8217","death_cumul_comb","2020-04-30"
"616","0-17","9","death_cumul_comb","2020-05-01"
"617","18-44","640","death_cumul_comb","2020-05-01"
"618","45-64","3701","death_cumul_comb","2020-05-01"
"619","65-74","4046","death_cumul_comb","2020-05-01"
"620","75+","8396","death_cumul_comb","2020-05-01"
"621","0-17","9","death_cumul_comb","2020-05-02"
"622","18-44","646","death_cumul_comb","2020-05-02"
"623","45-64","3756","death_cumul_comb","2020-05-02"
"624","65-74","4107","death_cumul_comb","2020-05-02"
"625","75+","8534","death_cumul_comb","2020-05-02"
"626","0-17","9","death_cumul_comb","2020-05-03"
"627","18-44","655","death_cumul_comb","2020-05-03"
"628","45-64","3831","death_cumul_comb","2020-05-03"
"629","65-74","4173","death_cumul_comb","2020-05-03"
"630","75+","8687","death_cumul_comb","2020-05-03"
"631","0-17","9","death_cumul_comb","2020-05-04"
"632","18-44","660","death_cumul_comb","2020-05-04"
"633","45-64","3882","death_cumul_comb","2020-05-04"
"634","65-74","4227","death_cumul_comb","2020-05-04"
"635","75+","8798","death_cumul_comb","2020-05-04"
"636","0-17","9","death_cumul_comb","2020-05-05"
"637","18-44","665","death_cumul_comb","2020-05-05"
"638","45-64","3943","death_cumul_comb","2020-05-05"
"639","65-74","4280","death_cumul_comb","2020-05-05"
"640","75+","8913","death_cumul_comb","2020-05-05"
"641","0-17","9","death_cumul_comb","2020-05-06"
"642","18-44","672","death_cumul_comb","2020-05-06"
"643","45-64","3988","death_cumul_comb","2020-05-06"
"644","65-74","4346","death_cumul_comb","2020-05-06"
"645","75+","9054","death_cumul_comb","2020-05-06"
"646","0-17","9","death_cumul_comb","2020-05-07"
"647","18-44","684","death_cumul_comb","2020-05-07"
"648","45-64","4066","death_cumul_comb","2020-05-07"
"649","65-74","4425","death_cumul_comb","2020-05-07"
"650","75+","9209","death_cumul_comb","2020-05-07"
"651","0-17","9","death_cumul_comb","2020-05-08"
"652","18-44","692","death_cumul_comb","2020-05-08"
"653","45-64","4124","death_cumul_comb","2020-05-08"
"654","65-74","4488","death_cumul_comb","2020-05-08"
"655","75+","9322","death_cumul_comb","2020-05-08"
"656","0-17","11","death_cumul_comb","2020-05-09"
"657","18-44","700","death_cumul_comb","2020-05-09"
"658","45-64","4180","death_cumul_comb","2020-05-09"
"659","65-74","4530","death_cumul_comb","2020-05-09"
"660","75+","9420","death_cumul_comb","2020-05-09"
"661","0-17","11","death_cumul_comb","2020-05-10"
"662","18-44","704","death_cumul_comb","2020-05-10"
"663","45-64","4238","death_cumul_comb","2020-05-10"
"664","65-74","4591","death_cumul_comb","2020-05-10"
"665","75+","9519","death_cumul_comb","2020-05-10"
"666","0-17","13","death_cumul_comb","2020-05-11"
"667","18-44","712","death_cumul_comb","2020-05-11"
"668","45-64","4272","death_cumul_comb","2020-05-11"
"669","65-74","4635","death_cumul_comb","2020-05-11"
"670","75+","9617","death_cumul_comb","2020-05-11"
"671","0-17","13","death_cumul_comb","2020-05-12"
"672","18-44","719","death_cumul_comb","2020-05-12"
"673","45-64","4311","death_cumul_comb","2020-05-12"
"674","65-74","4674","death_cumul_comb","2020-05-12"
"675","75+","9707","death_cumul_comb","2020-05-12"
"676","0-17","12","death_cumul_comb","2020-05-13"
"677","18-44","726","death_cumul_comb","2020-05-13"
"678","45-64","4348","death_cumul_comb","2020-05-13"
"679","65-74","4718","death_cumul_comb","2020-05-13"
"680","75+","9790","death_cumul_comb","2020-05-13"
"681","0-17","11","death_cumul_comb","2020-05-14"
"682","18-44","735","death_cumul_comb","2020-05-14"
"683","45-64","4387","death_cumul_comb","2020-05-14"
"684","65-74","4753","death_cumul_comb","2020-05-14"
"685","75+","9877","death_cumul_comb","2020-05-14"
"686","0-17","11","death_cumul_comb","2020-05-15"
"687","18-44","738","death_cumul_comb","2020-05-15"
"688","45-64","4406","death_cumul_comb","2020-05-15"
"689","65-74","4798","death_cumul_comb","2020-05-15"
"690","75+","9949","death_cumul_comb","2020-05-15"
"691","0-17","12","death_cumul_comb","2020-05-16"
"692","18-44","743","death_cumul_comb","2020-05-16"
"693","45-64","4452","death_cumul_comb","2020-05-16"
"694","65-74","4843","death_cumul_comb","2020-05-16"
"695","75+","10040","death_cumul_comb","2020-05-16"
"696","0-17","13","death_cumul_comb","2020-05-17"
"697","18-44","750","death_cumul_comb","2020-05-17"
"698","45-64","4490","death_cumul_comb","2020-05-17"
"699","65-74","4893","death_cumul_comb","2020-05-17"
"700","75+","10105","death_cumul_comb","2020-05-17"
"701","0-17","0","case_cumul","2020-03-09"
"702","18-44","10","case_cumul","2020-03-09"
"703","45-64","8","case_cumul","2020-03-09"
"704","65-74","3","case_cumul","2020-03-09"
"705","75+","2","case_cumul","2020-03-09"
"706","0-17","1","case_cumul","2020-03-10"
"707","18-44","22","case_cumul","2020-03-10"
"708","45-64","18","case_cumul","2020-03-10"
"709","65-74","6","case_cumul","2020-03-10"
"710","75+","4","case_cumul","2020-03-10"
"711","0-17","2","case_cumul","2020-03-11"
"712","18-44","49","case_cumul","2020-03-11"
"713","45-64","39","case_cumul","2020-03-11"
"714","65-74","13","case_cumul","2020-03-11"
"715","75+","9","case_cumul","2020-03-11"
"716","0-17","5","case_cumul","2020-03-12"
"717","18-44","110","case_cumul","2020-03-12"
"718","45-64","88","case_cumul","2020-03-12"
"719","65-74","30","case_cumul","2020-03-12"
"720","75+","22","case_cumul","2020-03-12"
"721","0-17","10","case_cumul","2020-03-13"
"722","18-44","216","case_cumul","2020-03-13"
"723","45-64","173","case_cumul","2020-03-13"
"724","65-74","59","case_cumul","2020-03-13"
"725","75+","44","case_cumul","2020-03-13"
"726","0-17","15","case_cumul","2020-03-14"
"727","18-44","326","case_cumul","2020-03-14"
"728","45-64","261","case_cumul","2020-03-14"
"729","65-74","89","case_cumul","2020-03-14"
"730","75+","67","case_cumul","2020-03-14"
"731","0-17","24","case_cumul","2020-03-15"
"732","18-44","503","case_cumul","2020-03-15"
"733","45-64","404","case_cumul","2020-03-15"
"734","65-74","137","case_cumul","2020-03-15"
"735","75+","104","case_cumul","2020-03-15"
"736","0-17","41","case_cumul","2020-03-16"
"737","18-44","866","case_cumul","2020-03-16"
"738","45-64","696","case_cumul","2020-03-16"
"739","65-74","236","case_cumul","2020-03-16"
"740","75+","179","case_cumul","2020-03-16"
"741","0-17","61","case_cumul","2020-03-17"
"742","18-44","1286","case_cumul","2020-03-17"
"743","45-64","1033","case_cumul","2020-03-17"
"744","65-74","350","case_cumul","2020-03-17"
"745","75+","266","case_cumul","2020-03-17"
"746","0-17","85","case_cumul","2020-03-18"
"747","18-44","1795","case_cumul","2020-03-18"
"748","45-64","1442","case_cumul","2020-03-18"
"749","65-74","488","case_cumul","2020-03-18"
"750","75+","371","case_cumul","2020-03-18"
"751","0-17","115","case_cumul","2020-03-19"
"752","18-44","2429","case_cumul","2020-03-19"
"753","45-64","1952","case_cumul","2020-03-19"
"754","65-74","660","case_cumul","2020-03-19"
"755","75+","502","case_cumul","2020-03-19"
"756","0-17","148","case_cumul","2020-03-20"
"757","18-44","3114","case_cumul","2020-03-20"
"758","45-64","2503","case_cumul","2020-03-20"
"759","65-74","846","case_cumul","2020-03-20"
"760","75+","644","case_cumul","2020-03-20"
"761","0-17","170","case_cumul","2020-03-21"
"762","18-44","3565","case_cumul","2020-03-21"
"763","45-64","2866","case_cumul","2020-03-21"
"764","65-74","969","case_cumul","2020-03-21"
"765","75+","737","case_cumul","2020-03-21"
"766","0-17","191","case_cumul","2020-03-22"
"767","18-44","4006","case_cumul","2020-03-22"
"768","45-64","3221","case_cumul","2020-03-22"
"769","65-74","1089","case_cumul","2020-03-22"
"770","75+","828","case_cumul","2020-03-22"
"771","0-17","300","case_cumul","2020-03-23"
"772","18-44","4965","case_cumul","2020-03-23"
"773","45-64","3519","case_cumul","2020-03-23"
"774","65-74","1150","case_cumul","2020-03-23"
"775","75+","825","case_cumul","2020-03-23"
"776","0-17","341","case_cumul","2020-03-24"
"777","18-44","6035","case_cumul","2020-03-24"
"778","45-64","4343","case_cumul","2020-03-24"
"779","65-74","1402","case_cumul","2020-03-24"
"780","75+","988","case_cumul","2020-03-24"
"781","0-17","384","case_cumul","2020-03-25"
"782","18-44","7094","case_cumul","2020-03-25"
"783","45-64","5194","case_cumul","2020-03-25"
"784","65-74","1689","case_cumul","2020-03-25"
"785","75+","1227","case_cumul","2020-03-25"
"786","0-17","446","case_cumul","2020-03-26"
"787","18-44","8880","case_cumul","2020-03-26"
"788","45-64","6786","case_cumul","2020-03-26"
"789","65-74","2226","case_cumul","2020-03-26"
"790","75+","1633","case_cumul","2020-03-26"
"791","0-17","495","case_cumul","2020-03-27"
"792","18-44","10145","case_cumul","2020-03-27"
"793","45-64","7869","case_cumul","2020-03-27"
"794","65-74","2627","case_cumul","2020-03-27"
"795","75+","1935","case_cumul","2020-03-27"
"796","0-17","543","case_cumul","2020-03-28"
"797","18-44","11617","case_cumul","2020-03-28"
"798","45-64","9158","case_cumul","2020-03-28"
"799","65-74","3034","case_cumul","2020-03-28"
"800","75+","2286","case_cumul","2020-03-28"
"801","0-17","591","case_cumul","2020-03-29"
"802","18-44","13213","case_cumul","2020-03-29"
"803","45-64","10596","case_cumul","2020-03-29"
"804","65-74","3571","case_cumul","2020-03-29"
"805","75+","2724","case_cumul","2020-03-29"
"806","0-17","619","case_cumul","2020-03-30"
"807","18-44","14233","case_cumul","2020-03-30"
"808","45-64","11577","case_cumul","2020-03-30"
"809","65-74","3954","case_cumul","2020-03-30"
"810","75+","3020","case_cumul","2020-03-30"
"811","0-17","714","case_cumul","2020-03-31"
"812","18-44","16028","case_cumul","2020-03-31"
"813","45-64","13344","case_cumul","2020-03-31"
"814","65-74","4496","case_cumul","2020-03-31"
"815","75+","3410","case_cumul","2020-03-31"
"816","0-17","757","case_cumul","2020-04-01"
"817","18-44","17347","case_cumul","2020-04-01"
"818","45-64","14689","case_cumul","2020-04-01"
"819","65-74","5015","case_cumul","2020-04-01"
"820","75+","3866","case_cumul","2020-04-01"
"821","0-17","816","case_cumul","2020-04-02"
"822","18-44","18767","case_cumul","2020-04-02"
"823","45-64","16104","case_cumul","2020-04-02"
"824","65-74","5584","case_cumul","2020-04-02"
"825","75+","4328","case_cumul","2020-04-02"
"826","0-17","881","case_cumul","2020-04-03"
"827","18-44","20313","case_cumul","2020-04-03"
"828","45-64","17497","case_cumul","2020-04-03"
"829","65-74","6095","case_cumul","2020-04-03"
"830","75+","4811","case_cumul","2020-04-03"
"831","0-17","988","case_cumul","2020-04-04"
"832","18-44","22434","case_cumul","2020-04-04"
"833","45-64","19971","case_cumul","2020-04-04"
"834","65-74","7064","case_cumul","2020-04-04"
"835","75+","5709","case_cumul","2020-04-04"
"836","0-17","1077","case_cumul","2020-04-05"
"837","18-44","23952","case_cumul","2020-04-05"
"838","45-64","21644","case_cumul","2020-04-05"
"839","65-74","7716","case_cumul","2020-04-05"
"840","75+","6337","case_cumul","2020-04-05"
"841","0-17","1135","case_cumul","2020-04-06"
"842","18-44","25383","case_cumul","2020-04-06"
"843","45-64","23135","case_cumul","2020-04-06"
"844","65-74","8260","case_cumul","2020-04-06"
"845","75+","6905","case_cumul","2020-04-06"
"846","0-17","1204","case_cumul","2020-04-07"
"847","18-44","26716","case_cumul","2020-04-07"
"848","45-64","24627","case_cumul","2020-04-07"
"849","65-74","8749","case_cumul","2020-04-07"
"850","75+","7345","case_cumul","2020-04-07"
"851","0-17","1374","case_cumul","2020-04-08"
"852","18-44","28830","case_cumul","2020-04-08"
"853","45-64","26755","case_cumul","2020-04-08"
"854","65-74","9472","case_cumul","2020-04-08"
"855","75+","8007","case_cumul","2020-04-08"
"856","0-17","1523","case_cumul","2020-04-09"
"857","18-44","30877","case_cumul","2020-04-09"
"858","45-64","28700","case_cumul","2020-04-09"
"859","65-74","10219","case_cumul","2020-04-09"
"860","75+","8713","case_cumul","2020-04-09"
"861","0-17","1726","case_cumul","2020-04-10"
"862","18-44","33906","case_cumul","2020-04-10"
"863","45-64","31472","case_cumul","2020-04-10"
"864","65-74","10990","case_cumul","2020-04-10"
"865","75+","9424","case_cumul","2020-04-10"
"866","0-17","1867","case_cumul","2020-04-11"
"867","18-44","36475","case_cumul","2020-04-11"
"868","45-64","33914","case_cumul","2020-04-11"
"869","65-74","11736","case_cumul","2020-04-11"
"870","75+","10203","case_cumul","2020-04-11"
"871","0-17","1928","case_cumul","2020-04-12"
"872","18-44","37835","case_cumul","2020-04-12"
"873","45-64","35575","case_cumul","2020-04-12"
"874","65-74","12364","case_cumul","2020-04-12"
"875","75+","10793","case_cumul","2020-04-12"
"876","0-17","2025","case_cumul","2020-04-13"
"877","18-44","39704","case_cumul","2020-04-13"
"878","45-64","37851","case_cumul","2020-04-13"
"879","65-74","13128","case_cumul","2020-04-13"
"880","75+","11477","case_cumul","2020-04-13"
"881","0-17","2078","case_cumul","2020-04-14"
"882","18-44","40612","case_cumul","2020-04-14"
"883","45-64","38967","case_cumul","2020-04-14"
"884","65-74","13542","case_cumul","2020-04-14"
"885","75+","11840","case_cumul","2020-04-14"
"886","0-17","2150","case_cumul","2020-04-15"
"887","18-44","42127","case_cumul","2020-04-15"
"888","45-64","40559","case_cumul","2020-04-15"
"889","65-74","14025","case_cumul","2020-04-15"
"890","75+","12331","case_cumul","2020-04-15"
"891","0-17","2256","case_cumul","2020-04-16"
"892","18-44","44016","case_cumul","2020-04-16"
"893","45-64","42743","case_cumul","2020-04-16"
"894","65-74","14949","case_cumul","2020-04-16"
"895","75+","13366","case_cumul","2020-04-16"
"896","0-17","2395","case_cumul","2020-04-17"
"897","18-44","45648","case_cumul","2020-04-17"
"898","45-64","44460","case_cumul","2020-04-17"
"899","65-74","15490","case_cumul","2020-04-17"
"900","75+","13892","case_cumul","2020-04-17"
"901","0-17","2478","case_cumul","2020-04-18"
"902","18-44","46985","case_cumul","2020-04-18"
"903","45-64","46115","case_cumul","2020-04-18"
"904","65-74","16019","case_cumul","2020-04-18"
"905","75+","14501","case_cumul","2020-04-18"
"906","0-17","2588","case_cumul","2020-04-19"
"907","18-44","48156","case_cumul","2020-04-19"
"908","45-64","47407","case_cumul","2020-04-19"
"909","65-74","16439","case_cumul","2020-04-19"
"910","75+","14922","case_cumul","2020-04-19"
"911","0-17","2652","case_cumul","2020-04-20"
"912","18-44","49066","case_cumul","2020-04-20"
"913","45-64","48444","case_cumul","2020-04-20"
"914","65-74","16776","case_cumul","2020-04-20"
"915","75+","15251","case_cumul","2020-04-20"
"916","0-17","2707","case_cumul","2020-04-21"
"917","18-44","49887","case_cumul","2020-04-21"
"918","45-64","49383","case_cumul","2020-04-21"
"919","65-74","17072","case_cumul","2020-04-21"
"920","75+","15547","case_cumul","2020-04-21"
"921","0-17","2839","case_cumul","2020-04-22"
"922","18-44","51217","case_cumul","2020-04-22"
"923","45-64","50694","case_cumul","2020-04-22"
"924","65-74","17474","case_cumul","2020-04-22"
"925","75+","15932","case_cumul","2020-04-22"
"926","0-17","2961","case_cumul","2020-04-23"
"927","18-44","52380","case_cumul","2020-04-23"
"928","45-64","51998","case_cumul","2020-04-23"
"929","65-74","17846","case_cumul","2020-04-23"
"930","75+","16282","case_cumul","2020-04-23"
"931","0-17","3116","case_cumul","2020-04-24"
"932","18-44","53941","case_cumul","2020-04-24"
"933","45-64","53696","case_cumul","2020-04-24"
"934","65-74","18372","case_cumul","2020-04-24"
"935","75+","16727","case_cumul","2020-04-24"
"936","0-17","3276","case_cumul","2020-04-25"
"937","18-44","55541","case_cumul","2020-04-25"
"938","45-64","55390","case_cumul","2020-04-25"
"939","65-74","18891","case_cumul","2020-04-25"
"940","75+","17182","case_cumul","2020-04-25"
"941","0-17","3361","case_cumul","2020-04-26"
"942","18-44","56474","case_cumul","2020-04-26"
"943","45-64","56428","case_cumul","2020-04-26"
"944","65-74","19198","case_cumul","2020-04-26"
"945","75+","17443","case_cumul","2020-04-26"
"946","0-17","3488","case_cumul","2020-04-27"
"947","18-44","57462","case_cumul","2020-04-27"
"948","45-64","57556","case_cumul","2020-04-27"
"949","65-74","19545","case_cumul","2020-04-27"
"950","75+","17735","case_cumul","2020-04-27"
"951","0-17","3555","case_cumul","2020-04-28"
"952","18-44","58042","case_cumul","2020-04-28"
"953","45-64","58143","case_cumul","2020-04-28"
"954","65-74","19749","case_cumul","2020-04-28"
"955","75+","17909","case_cumul","2020-04-28"
"956","0-17","3631","case_cumul","2020-04-29"
"957","18-44","58866","case_cumul","2020-04-29"
"958","45-64","58877","case_cumul","2020-04-29"
"959","65-74","19996","case_cumul","2020-04-29"
"960","75+","18180","case_cumul","2020-04-29"
"961","0-17","3711","case_cumul","2020-04-30"
"962","18-44","59684","case_cumul","2020-04-30"
"963","45-64","59715","case_cumul","2020-04-30"
"964","65-74","20273","case_cumul","2020-04-30"
"965","75+","18506","case_cumul","2020-04-30"
"966","0-17","3782","case_cumul","2020-05-01"
"967","18-44","60483","case_cumul","2020-05-01"
"968","45-64","60552","case_cumul","2020-05-01"
"969","65-74","20537","case_cumul","2020-05-01"
"970","75+","18821","case_cumul","2020-05-01"
"971","0-17","3897","case_cumul","2020-05-02"
"972","18-44","61376","case_cumul","2020-05-02"
"973","45-64","61424","case_cumul","2020-05-02"
"974","65-74","20813","case_cumul","2020-05-02"
"975","75+","19045","case_cumul","2020-05-02"
"976","0-17","4023","case_cumul","2020-05-03"
"977","18-44","62109","case_cumul","2020-05-03"
"978","45-64","62137","case_cumul","2020-05-03"
"979","65-74","21024","case_cumul","2020-05-03"
"980","75+","19221","case_cumul","2020-05-03"
"981","0-17","4088","case_cumul","2020-05-04"
"982","18-44","62718","case_cumul","2020-05-04"
"983","45-64","62700","case_cumul","2020-05-04"
"984","65-74","21245","case_cumul","2020-05-04"
"985","75+","19451","case_cumul","2020-05-04"
"986","0-17","4137","case_cumul","2020-05-05"
"987","18-44","63149","case_cumul","2020-05-05"
"988","45-64","63122","case_cumul","2020-05-05"
"989","65-74","21383","case_cumul","2020-05-05"
"990","75+","19598","case_cumul","2020-05-05"
"991","0-17","4188","case_cumul","2020-05-06"
"992","18-44","63726","case_cumul","2020-05-06"
"993","45-64","63670","case_cumul","2020-05-06"
"994","65-74","21590","case_cumul","2020-05-06"
"995","75+","19779","case_cumul","2020-05-06"
"996","0-17","4246","case_cumul","2020-05-07"
"997","18-44","64244","case_cumul","2020-05-07"
"998","45-64","64143","case_cumul","2020-05-07"
"999","65-74","21770","case_cumul","2020-05-07"
"1000","75+","19971","case_cumul","2020-05-07"
"1001","0-17","4310","case_cumul","2020-05-08"
"1002","18-44","64707","case_cumul","2020-05-08"
"1003","45-64","64595","case_cumul","2020-05-08"
"1004","65-74","21959","case_cumul","2020-05-08"
"1005","75+","20173","case_cumul","2020-05-08"
"1006","0-17","4397","case_cumul","2020-05-09"
"1007","18-44","65195","case_cumul","2020-05-09"
"1008","45-64","65082","case_cumul","2020-05-09"
"1009","65-74","22120","case_cumul","2020-05-09"
"1010","75+","20337","case_cumul","2020-05-09"
"1011","0-17","4459","case_cumul","2020-05-10"
"1012","18-44","65645","case_cumul","2020-05-10"
"1013","45-64","65546","case_cumul","2020-05-10"
"1014","65-74","22260","case_cumul","2020-05-10"
"1015","75+","20504","case_cumul","2020-05-10"
"1016","0-17","4605","case_cumul","2020-05-11"
"1017","18-44","67327","case_cumul","2020-05-11"
"1018","45-64","67171","case_cumul","2020-05-11"
"1019","65-74","22866","case_cumul","2020-05-11"
"1020","75+","21280","case_cumul","2020-05-11"
"1021","0-17","4645","case_cumul","2020-05-12"
"1022","18-44","67562","case_cumul","2020-05-12"
"1023","45-64","67364","case_cumul","2020-05-12"
"1024","65-74","22937","case_cumul","2020-05-12"
"1025","75+","21399","case_cumul","2020-05-12"
"1026","0-17","4690","case_cumul","2020-05-13"
"1027","18-44","67925","case_cumul","2020-05-13"
"1028","45-64","67647","case_cumul","2020-05-13"
"1029","65-74","23026","case_cumul","2020-05-13"
"1030","75+","21509","case_cumul","2020-05-13"
"1031","0-17","4761","case_cumul","2020-05-14"
"1032","18-44","68340","case_cumul","2020-05-14"
"1033","45-64","67982","case_cumul","2020-05-14"
"1034","65-74","23167","case_cumul","2020-05-14"
"1035","75+","21632","case_cumul","2020-05-14"
"1036","0-17","4824","case_cumul","2020-05-15"
"1037","18-44","68835","case_cumul","2020-05-15"
"1038","45-64","68520","case_cumul","2020-05-15"
"1039","65-74","23370","case_cumul","2020-05-15"
"1040","75+","21887","case_cumul","2020-05-15"
"1041","0-17","4884","case_cumul","2020-05-16"
"1042","18-44","69127","case_cumul","2020-05-16"
"1043","45-64","68911","case_cumul","2020-05-16"
"1044","65-74","23542","case_cumul","2020-05-16"
"1045","75+","22151","case_cumul","2020-05-16"
"1046","0-17","4955","case_cumul","2020-05-17"
"1047","18-44","69610","case_cumul","2020-05-17"
"1048","45-64","69402","case_cumul","2020-05-17"
"1049","65-74","23714","case_cumul","2020-05-17"
"1050","75+","22307","case_cumul","2020-05-17"
